,start_time,end_time
Francis,2014-06-16 05:59:18.124965,2014-07-23 06:11:46.682402
Diego,2014-10-22 15:54:46.847032,2014-10-30 02:44:23.908393
Ruth,2014-01-30 21:28:40.418063,2014-03-26 18:53:49.595775
Garfield,2014-02-16 21:02:42.584248,2014-02-25 02:29:42.152930
Olga,2014-10-18 22:29:18.873309,2014-10-23 10:50:54.639351
Almeda,2014-01-26 20:51:25.855177,2014-03-29 16:51:03.596728
Bert,2014-09-06 03:30:19.213280,2014-09-22 05:04:53.244954
Alysia,2014-10-12 02:48:58.684872,2014-10-22 01:48:54.654634
Edsel,2014-06-11 20:26:35.943377,2014-07-21 16:07:14.311241
Audrey,2014-03-25 21:59:37.055354,2014-05-02 17:56:54.921290
Lonny,2014-10-19 07:09:48.254756,2014-10-28 18:16:26.259724
Clifton,2014-12-22 07:22:44.632101,2014-12-23 18:24:47.028576
Columbus,2014-11-13 09:39:19.491265,2014-11-15 16:13:35.642462
Marc,2014-12-16 02:50:22.041197,2014-12-17 03:14:02.282687
Norval,2014-04-19 16:17:38.089193,2014-05-16 11:11:34.644491
Arnold,2014-12-05 23:26:26.905932,2014-12-10 10:52:09.430240
Travis,2014-07-11 22:18:28.013461,2014-08-01 09:09:25.581021
Lincoln,2014-05-03 17:45:30.979219,2014-06-12 18:36:16.051439
Amos,2014-07-31 03:00:53.768652,2014-08-01 19:03:39.548451
Perley,2014-06-28 07:56:22.403131,2014-07-02 04:49:06.295391
Chris,2014-05-27 08:38:37.744906,2014-06-25 18:50:48.793599
Dick,2014-03-17 02:26:00.472469,2014-03-23 04:14:23.457217
Miles,2014-09-11 12:50:18.749425,2014-09-22 08:39:51.653663
Guillermo,2014-08-21 06:06:32.733337,2014-09-09 11:37:02.198196
Elliot,2014-09-24 03:14:50.053884,2014-10-11 10:37:44.831252
